{
  "name": "Context Workflow",
  "nodes": [
    {
      "parameters": {
        "jsCode": "const vips = [];\nconst timeBasedPhrases = [];\nconst relevances = [];\n\nfor (const { json } of $('generateContext').all()) {\n  if (json.vip)\n    vips.push(json.vip);\n\n  if (json.timeBasedPhrase)\n    timeBasedPhrases.push(json.timeBasedPhrase);\n\n  if (json.relevance)\n    relevances.push(json.relevance);\n}\n\nconst context = {\n  vips,\n  timeBasedPhrases,\n  relevances,\n  labels: $input.first().json.labels\n};\n\nconsole.log('contextWorkflow', context);\n\nreturn [\n  {\n    json: {\n      context\n    }\n  }\n];"
      },
      "type": "n8n-nodes-base.code",
      "typeVersion": 2,
      "position": [
        360,
        0
      ],
      "id": "0662ce3c-6581-4c14-99ae-42bcaf96a110",
      "name": "context"
    },
    {
      "parameters": {
        "documentId": {
          "__rl": true,
          "value": "1-WiSb8_ju2hyW30X359SiEBpQtiB17PEHRZvByXDUOs",
          "mode": "list",
          "cachedResultName": "CreativeGlu PreDefine",
          "cachedResultUrl": "https://docs.google.com/spreadsheets/d/1-WiSb8_ju2hyW30X359SiEBpQtiB17PEHRZvByXDUOs/edit?usp=drivesdk"
        },
        "sheetName": {
          "__rl": true,
          "value": 1544803199,
          "mode": "list",
          "cachedResultName": "VIP",
          "cachedResultUrl": "https://docs.google.com/spreadsheets/d/1-WiSb8_ju2hyW30X359SiEBpQtiB17PEHRZvByXDUOs/edit#gid=1544803199"
        },
        "options": {}
      },
      "type": "n8n-nodes-base.googleSheets",
      "typeVersion": 4.5,
      "position": [
        -80,
        0
      ],
      "id": "b291be45-b68e-4986-bc93-7e9a341dfc59",
      "name": "generateContext",
      "credentials": {
        "googleSheetsOAuth2Api": {
          "id": "l6A7oNc1lXStwIcl",
          "name": "Google Sheets account"
        }
      }
    },
    {
      "parameters": {
        "inputSource": "passthrough"
      },
      "type": "n8n-nodes-base.executeWorkflowTrigger",
      "typeVersion": 1.1,
      "position": [
        -300,
        0
      ],
      "id": "22b5a6b9-3425-4417-a3ca-fcbc0f2c059b",
      "name": "When Executed by Another Workflow"
    },
    {
      "parameters": {
        "url": "https://gmail.googleapis.com/gmail/v1/users/me/labels",
        "authentication": "predefinedCredentialType",
        "nodeCredentialType": "gmailOAuth2",
        "options": {}
      },
      "type": "n8n-nodes-base.httpRequest",
      "typeVersion": 4.2,
      "position": [
        140,
        0
      ],
      "id": "a756cb8d-3864-4c1b-9d80-bb81828132cf",
      "name": "getEmailLabels",
      "credentials": {
        "gmailOAuth2": {
          "id": "0mOdnXFRGcaQc4J9",
          "name": "Gmail account"
        }
      }
    }
  ],
  "pinData": {},
  "connections": {
    "generateContext": {
      "main": [
        [
          {
            "node": "getEmailLabels",
            "type": "main",
            "index": 0
          }
        ]
      ]
    },
    "When Executed by Another Workflow": {
      "main": [
        [
          {
            "node": "generateContext",
            "type": "main",
            "index": 0
          }
        ]
      ]
    },
    "getEmailLabels": {
      "main": [
        [
          {
            "node": "context",
            "type": "main",
            "index": 0
          }
        ]
      ]
    }
  },
  "active": false,
  "settings": {
    "executionOrder": "v1"
  },
  "versionId": "b730e044-9c88-40a1-a4c0-bb4e1ed87b5f",
  "meta": {
    "instanceId": "875ac68def8f28fb999681362f159ebf7ca4219b58abddbff3a9126e8d19223f"
  },
  "id": "S44uwyTxN6MfH5HO",
  "tags": []
}