{
  "name": "Follow Up Workflow",
  "nodes": [
    {
      "parameters": {
        "collection": "emails",
        "options": {},
        "query": "={{ $json.query }}"
      },
      "type": "n8n-nodes-base.mongoDb",
      "typeVersion": 1.1,
      "position": [
        -540,
        -1960
      ],
      "id": "90b3b35b-29d1-4233-b1ff-5817c61ce808",
      "name": "MongoDB",
      "alwaysOutputData": true,
      "credentials": {
        "mongoDb": {
          "id": "mhTA3BDXdK2TPxM2",
          "name": "MongoDB account"
        }
      }
    },
    {
      "parameters": {
        "jsCode": "const now = new Date();\n\nconst startOfYesterday = new Date(now);\nstartOfYesterday.setDate(now.getDate() - 1);\nstartOfYesterday.setHours(0, 0, 0, 0);\n\nconst endOfYesterday = new Date(now);\nendOfYesterday.setDate(now.getDate() - 1);\nendOfYesterday.setHours(23, 59, 59, 999);\n\nreturn [\n  {\n    json: {\n      query: JSON.stringify({\n        \"createdAt\": {\n          \"$gte\": `${startOfYesterday.toISOString()}`,\n          \"$lte\": `${endOfYesterday.toISOString()}`,\n        },\n        \"$or\": [\n          { \"isPriority\": true },\n          { \"draft.requiresApproval\": true },\n        ]\n      }),\n      createdAt: new Date()\n    }\n  }\n];"
      },
      "type": "n8n-nodes-base.code",
      "typeVersion": 2,
      "position": [
        -760,
        -1960
      ],
      "id": "b4a2af60-569b-4e8d-b2f7-d3650c8a9c84",
      "name": "query"
    },
    {
      "parameters": {
        "jsCode": "return [\n  { json: { emails: items } }\n];"
      },
      "type": "n8n-nodes-base.code",
      "typeVersion": 2,
      "position": [
        -320,
        -1960
      ],
      "id": "c4e307c0-12ec-4585-b6d0-c0207b08aee6",
      "name": "emailTransform"
    },
    {
      "parameters": {
        "rule": {
          "interval": [
            {
              "triggerAtHour": 17
            }
          ]
        }
      },
      "type": "n8n-nodes-base.scheduleTrigger",
      "typeVersion": 1.2,
      "position": [
        -980,
        -1960
      ],
      "id": "d971543c-6ad4-4ea3-9906-01f8cf128914",
      "name": "dailyTrigger"
    },
    {
      "parameters": {
        "sendTo": "jaypeelaurencecocjin@gmail.com",
        "subject": "={{ \"Afternoon Digest - \" + new Date().toLocaleDateString(\"en-US\", { day: \"numeric\", month: \"long\", year: \"numeric\" }) }}",
        "message": "=<!DOCTYPE html>\n<html>\n  <head>\n    <style>\n      body {\n        margin: 0;\n        padding: 0;\n        background-color: #f4f6f8;\n        font-family: 'Segoe UI', sans-serif;\n        color: #333;\n      }\n\n      .container {\n        max-width: 640px;\n        margin: 0 auto;\n        padding: 30px;\n        background-color: #ffffff;\n        border-radius: 10px;\n        box-shadow: 0 4px 12px rgba(0,0,0,0.06);\n      }\n\n      .header,\n      .footer {\n        max-width: 640px;\n        margin: 0 auto;\n        background-color: #1e2a45;\n        color: #ffffff;\n        padding: 24px;\n        text-align: center;\n        border-radius: 10px 10px 0 0;\n      }\n\n      .footer {\n        border-radius: 0 0 10px 10px;\n        font-style: italic;\n        font-size: 14px;\n        margin-top: 30px;\n      }\n\n      h1 {\n        margin: 0;\n        font-size: 26px;\n      }\n\n      h2 {\n        margin: 0;\n        font-size: 16px;\n        font-style: italic;\n      }\n\n      .intro {\n        font-size: 16px;\n        padding: 24px 0;\n        line-height: 1.6;\n      }\n\n      .email-card {\n        background: #ffffff;\n        border: 1px solid #dbe2ea;\n        border-radius: 8px;\n        padding: 20px 24px;\n        margin-bottom: 20px;\n        box-shadow: 0 2px 5px rgba(0,0,0,0.03);\n      }\n\n      .email-card h2 {\n        margin: 0 0 12px;\n        font-size: 18px;\n        color: #1e2a45;\n      }\n\n      .email-card p {\n        margin: 6px 0 14px;\n        font-size: 15px;\n        line-height: 1.5;\n      }\n\n      .label {\n        font-weight: 600;\n        color: #2a3e58;\n        display: block;\n        margin-bottom: 4px;\n      }\n\n      .meta {\n        font-size: 10px;\n        color: #666;\n        line-height: 1.5;\n      }\n\n      @media only screen and (max-width: 620px) {\n        .container {\n          padding: 20px;\n        }\n\n        .email-card {\n          padding: 16px;\n        }\n\n        h1 {\n          font-size: 22px;\n        }\n      }\n    </style>\n  </head>\n  <body>\n    <div class=\"header\">\n      <h1>Good Afternoon! 🌇</h1>\n      <h2 className=\"text-md italic\">{{ new Date().toLocaleDateString(\"en-US\", { weekday: 'long', year: 'numeric', month: 'long', day: 'numeric' }) }}</h2>\n    </div>\n    <div class=\"container\">\n      <p class=\"intro\">\n        Here’s your daily email summary to help you start the day informed and organized:\n      </p>\n      {{ $json.emails.map(item => `\n        <div class=\"email-card\">\n          <p>\n            <span class=\"label\">📂 Category:</span> ${item.json.category}\n            <span class=\"label\">👤 From:</span> ${item.json.from}\n            <span class=\"label\">📝 Email:</span> <div>\n              ${item.json.subject}\n              - ${item.json.body}\n            </div>\n            <span class=\"label\">🎯 Required Action:</span> ${item.json.draft.requiresApproval ?? false}\n            <span class=\"label\">🎯 Is Priority:</span> ${item.json.isPriority}\n          </p>\n        </div>\n      `).join('') }}\n    </div>\n    <div class=\"footer\">\n      Let’s tackle today with clarity and confidence. 💪\n    </div>\n  </body>\n</html>",
        "options": {}
      },
      "type": "n8n-nodes-base.gmail",
      "typeVersion": 2.1,
      "position": [
        -40,
        -1840
      ],
      "id": "7415157d-3bfa-468a-99db-2af7274aad5c",
      "name": "sendDailyReview",
      "webhookId": "74ebf115-6ccf-4fed-87f8-5600b3eee765",
      "credentials": {
        "gmailOAuth2": {
          "id": "0mOdnXFRGcaQc4J9",
          "name": "Gmail account"
        }
      }
    },
    {
      "parameters": {
        "authentication": "oAuth2",
        "select": "channel",
        "channelId": {
          "__rl": true,
          "value": "C08NSTKFY92",
          "mode": "list",
          "cachedResultName": "creative-glu-digest"
        },
        "text": "=Good Afternoon! 🌇\n{{ new Date().toLocaleDateString(\"en-US\", { day: \"numeric\", month: \"long\", year: \"numeric\" }) }}\n\\n\nHere’s your daily follow-up summary to help on your end of day task:\n{{ $json.emails.map(item => `\n\\n\n📂 *Category*: ${item.json.category}\n👤 *From*: ${item.json.from}\n\\n\n📝 *Email*: ${item.json.subject}\n    - ${item.json.body}\n\\n\n🎯 *Required Action*: ${item.json.draft.requiresApproval ?? false}\n🎯 *Is Priority*: ${item.json.isPriority}\n\\n \\n\n___________________\n`).join('') }}",
        "otherOptions": {}
      },
      "type": "n8n-nodes-base.slack",
      "typeVersion": 2.3,
      "position": [
        -40,
        -2100
      ],
      "id": "8b974f64-e845-4230-a2ac-8ac8d8f35ceb",
      "name": "sendSlack",
      "webhookId": "0edc9bf1-916a-4dba-8e92-83272dc41b49",
      "credentials": {
        "slackOAuth2Api": {
          "id": "SM67nfE2qcqoyVwR",
          "name": "Slack account"
        }
      }
    }
  ],
  "pinData": {},
  "connections": {
    "MongoDB": {
      "main": [
        [
          {
            "node": "emailTransform",
            "type": "main",
            "index": 0
          }
        ]
      ]
    },
    "query": {
      "main": [
        [
          {
            "node": "MongoDB",
            "type": "main",
            "index": 0
          }
        ]
      ]
    },
    "emailTransform": {
      "main": [
        [
          {
            "node": "sendDailyReview",
            "type": "main",
            "index": 0
          },
          {
            "node": "sendSlack",
            "type": "main",
            "index": 0
          }
        ]
      ]
    },
    "dailyTrigger": {
      "main": [
        [
          {
            "node": "query",
            "type": "main",
            "index": 0
          }
        ]
      ]
    },
    "sendSlack": {
      "main": [
        []
      ]
    }
  },
  "active": false,
  "settings": {
    "executionOrder": "v1"
  },
  "versionId": "11412302-b32c-4587-9699-1e735b806028",
  "meta": {
    "templateCredsSetupCompleted": true,
    "instanceId": "875ac68def8f28fb999681362f159ebf7ca4219b58abddbff3a9126e8d19223f"
  },
  "id": "U2mGA6HpRBs5iGWa",
  "tags": []
}